1	teUeBxglyKzjugt	15
2	ADwCKCLYmTRIbYN	8
3	ObVKsajRIbSiOBk	33
4	JkHwDWYJzTjALbK	26
5	QFGDDjluVFgQUGs	32
6	XcwCuzeqSyYTwnW	12
7	BAjOjbNqdRqRQss	40
8	kcyPCzjywyxpsJW	24
9	VQmXdYtvDdGitUq	48
10	wuQqpJhWJotSTao	39
11	smMTIDEnnpaNPaB	2
12	WrbbMlPgCBwcpsI	21
13	IuqqsbMTQBqZlBa	37
14	WmrCAOCqNNMyqTy	1
15	ckuCFPmYnzUVBYk	11
16	kETZbIauNtfEzEz	18
17	avhTmJiDeQYDUhM	47
18	inMlkhUdLihefcE	49
19	bXNECFOXKatnTQV	42
20	lPjvxifqPUYbTmo	44
21	FjDLpZMWtddWBro	40
22	HovjYfFSGSaBJup	38
23	qVnesdDAapWfifD	45
24	PgdacXNWZXSmIZv	18
25	shaRMOGcQWMsgbW	31
26	BIgkFieZWGyXdDe	19
27	ObVKsajRIbSiOBk	10
28	VjFFeLloySqtPvw	48
29	gGYjCKjOuTmRbqA	15
30	lYfqRvBHtuNkJKt	22
31	JnkqeZcCnFIRfXn	3
32	pPhKaZsHPwaAMkE	50
33	NiOUctGocZmfeTX	49
34	QQrELPTJZSgfBjJ	48
35	XcwCuzeqSyYTwnW	43
36	dzSxOgpCQMMRguZ	27
37	krAoDTERTuKKlQg	34
38	CndcomOPYGguiBI	34
39	wySfzLSEcWAxQaR	37
40	YQCnIGcKrqqUJQR	14
41	hhjYKKdYxrEYKjN	2
42	gnvPzGCrpSldxXW	30
43	VMvaVOfupzrSJIN	36
44	kcyPCzjywyxpsJW	36
45	dQPigmFenCMJHEu	3
46	smMTIDEnnpaNPaB	23
47	hhjYKKdYxrEYKjN	23
48	BIgkFieZWGyXdDe	45
49	ckuCFPmYnzUVBYk	25
50	kcyPCzjywyxpsJW	2
51	RZbPSjLrxTnhLfM	35
52	avhTmJiDeQYDUhM	14
53	qJZXliZxfSslEtz	13
54	VvnYqSpcBuqVNlH	43
55	oKymnyTdxvFOpNv	50
56	VheflFgaIsOfHLP	16
57	rPFYMBcnIwDCdLd	25
58	mgdanCDQElquScE	17
59	llCKWDeWPkvUrrf	10
60	fhWVqnXhNpSGLJY	46
61	ksvKKVKFNAgRJdg	41
62	VQmXdYtvDdGitUq	45
63	krAoDTERTuKKlQg	39
64	VvnYqSpcBuqVNlH	47
65	LPZALOuJjqVknii	7
66	WrbbMlPgCBwcpsI	39
67	zYJUHFGGcKUHxvW	50
68	xMCBEXKsnFrZteq	20
69	KGhTLEzHbgldMiH	22
70	VjFFeLloySqtPvw	11
71	upzVGJCWBuARHps	36
72	uNIcDDJhgShRCsn	45
73	LXezCrFfAQsoJkg	50
74	AgZmGqRjlthQMgs	20
75	VjFFeLloySqtPvw	8
76	WmrCAOCqNNMyqTy	13
77	WmrCAOCqNNMyqTy	5
78	MQIrUgcCayzgoYC	14
79	VheflFgaIsOfHLP	15
80	PWvHuDzsQSEqMpn	21
81	SIukfvUwSnBnkYj	2
82	hTsbyWsKWdUvMLZ	30
83	hhjYKKdYxrEYKjN	23
84	qVnesdDAapWfifD	46
85	JkHwDWYJzTjALbK	36
86	TmopldyOwKsoBaO	13
87	iURMPwVWEqQktxE	14
88	WuCcuNeFIiOsJuc	41
89	benwuFNqeEibuGl	3
90	dwhVSOYaRUaIXhF	20
91	NiOUctGocZmfeTX	44
92	rPFYMBcnIwDCdLd	4
93	BIgkFieZWGyXdDe	23
94	pdQKijyNzWCDsUk	21
95	QQrELPTJZSgfBjJ	18
96	wySfzLSEcWAxQaR	8
97	WrbbMlPgCBwcpsI	26
98	lYfqRvBHtuNkJKt	34
99	oKymnyTdxvFOpNv	17
100	swWdbJEahdBldGu	46
101	tZhBzcRtKSfGFSf	9
102	bPSJyadgtIBdYpj	26
103	FCNsbiuPFcbXhyj	26
104	DPDKDBvclVpauCu	7
105	pdQKijyNzWCDsUk	30
106	FjDLpZMWtddWBro	13
107	WuCcuNeFIiOsJuc	29
108	WmrCAOCqNNMyqTy	4
109	ZDzRqbkmcLCswVd	14
110	hTsbyWsKWdUvMLZ	46
111	VMvaVOfupzrSJIN	19
112	kGjNCKZKlcybAGD	29
113	XcwCuzeqSyYTwnW	18
114	ckuCFPmYnzUVBYk	24
115	zcNxfFwGADaJUPD	23
116	scCwvRCvbedMdsM	36
117	smnxxFgdSSMjorH	14
118	lPjvxifqPUYbTmo	16
119	lYfqRvBHtuNkJKt	34
120	kGjNCKZKlcybAGD	36
121	kGjNCKZKlcybAGD	13
122	smnxxFgdSSMjorH	46
123	HovjYfFSGSaBJup	18
124	vBAqdTlgarkUyPR	37
125	KGhTLEzHbgldMiH	42
126	BAjOjbNqdRqRQss	4
127	wuQqpJhWJotSTao	34
128	GtfInOWaQQuabDo	46
129	mQjeclXeGPoRgVR	4
130	PgdacXNWZXSmIZv	22
131	llCKWDeWPkvUrrf	9
132	dzSxOgpCQMMRguZ	25
133	gGYjCKjOuTmRbqA	48
134	TmopldyOwKsoBaO	18
135	VQmXdYtvDdGitUq	23
136	ZDzRqbkmcLCswVd	15
137	avhTmJiDeQYDUhM	6
138	bXNECFOXKatnTQV	11
139	FCNsbiuPFcbXhyj	38
140	jMYcrJvTENKJafs	20
141	teUeBxglyKzjugt	15
142	VpbwlCCWZPPgKlx	27
143	WuCcuNeFIiOsJuc	20
144	BAjOjbNqdRqRQss	15
145	kETZbIauNtfEzEz	27
146	VQmXdYtvDdGitUq	2
147	HovjYfFSGSaBJup	1
148	dQPigmFenCMJHEu	18
149	oKymnyTdxvFOpNv	48
150	uNIcDDJhgShRCsn	30
151	krAoDTERTuKKlQg	11
152	VheflFgaIsOfHLP	10
153	bXNECFOXKatnTQV	40
154	aRpxJOvUIVauNhB	18
155	HovjYfFSGSaBJup	33
156	smnxxFgdSSMjorH	38
157	vBAqdTlgarkUyPR	8
158	OVZlXOOUBmCTlhS	21
159	HovjYfFSGSaBJup	30
160	upzVGJCWBuARHps	3
161	pPhKaZsHPwaAMkE	1
162	pdQKijyNzWCDsUk	34
163	xMCBEXKsnFrZteq	21
164	zYJUHFGGcKUHxvW	5
165	iWIOmUgvrUHiGwW	27
166	avhTmJiDeQYDUhM	13
167	OVZlXOOUBmCTlhS	41
168	JnkqeZcCnFIRfXn	45
169	ObVKsajRIbSiOBk	27
170	VQmXdYtvDdGitUq	8
171	pPhKaZsHPwaAMkE	10
172	VjFFeLloySqtPvw	13
173	GtfInOWaQQuabDo	1
174	QFGDDjluVFgQUGs	33
175	bQfHjpkZRhWAGQb	5
176	teUeBxglyKzjugt	4
177	uNIcDDJhgShRCsn	35
178	hhjYKKdYxrEYKjN	48
179	BAjOjbNqdRqRQss	48
180	oKymnyTdxvFOpNv	35
181	JkHwDWYJzTjALbK	29
182	DFjsjcODIrNoWbk	34
183	tZhBzcRtKSfGFSf	25
184	ADwCKCLYmTRIbYN	28
185	LPZALOuJjqVknii	2
186	ZDzRqbkmcLCswVd	37
187	XcwCuzeqSyYTwnW	18
188	SIukfvUwSnBnkYj	16
189	YQCnIGcKrqqUJQR	10
190	dzSxOgpCQMMRguZ	7
191	llCKWDeWPkvUrrf	4
192	pdQKijyNzWCDsUk	6
193	GtfInOWaQQuabDo	36
194	MQIrUgcCayzgoYC	4
195	hhjYKKdYxrEYKjN	31
196	ckuCFPmYnzUVBYk	20
197	lYfqRvBHtuNkJKt	43
198	qJZXliZxfSslEtz	22
199	teUeBxglyKzjugt	9
200	LPZALOuJjqVknii	30
201	pTkhTfUTGZkqjmF	27
202	gGYjCKjOuTmRbqA	6
203	QQrELPTJZSgfBjJ	17
204	zcNxfFwGADaJUPD	40
205	teUeBxglyKzjugt	35
206	tZhBzcRtKSfGFSf	31
207	ZDzRqbkmcLCswVd	12
208	TmopldyOwKsoBaO	45
209	BSwVbQPHZovPfNK	18
210	bXNECFOXKatnTQV	11
211	VQmXdYtvDdGitUq	48
212	pPhKaZsHPwaAMkE	28
213	qVnesdDAapWfifD	36
214	JkHwDWYJzTjALbK	17
215	kcyPCzjywyxpsJW	19
216	BSwVbQPHZovPfNK	17
217	inMlkhUdLihefcE	18
218	bQfHjpkZRhWAGQb	21
219	VQmXdYtvDdGitUq	21
220	WuCcuNeFIiOsJuc	1
221	zcNxfFwGADaJUPD	4
222	lPjvxifqPUYbTmo	21
223	WrbbMlPgCBwcpsI	44
224	swWdbJEahdBldGu	48
225	fhWVqnXhNpSGLJY	43
226	pdQKijyNzWCDsUk	10
227	DFjsjcODIrNoWbk	12
228	hhjYKKdYxrEYKjN	15
229	VheflFgaIsOfHLP	20
230	QFGDDjluVFgQUGs	3
231	JnkqeZcCnFIRfXn	37
232	llCKWDeWPkvUrrf	45
233	FNkOuGYvgfIZwUy	29
234	KGhTLEzHbgldMiH	10
235	kGjNCKZKlcybAGD	37
236	JkHwDWYJzTjALbK	31
237	VMvaVOfupzrSJIN	26
238	WrbbMlPgCBwcpsI	29
239	gGYjCKjOuTmRbqA	38
240	FjDLpZMWtddWBro	39
241	fhWVqnXhNpSGLJY	28
242	smMTIDEnnpaNPaB	21
243	benwuFNqeEibuGl	10
244	YQCnIGcKrqqUJQR	7
245	AgZmGqRjlthQMgs	48
246	zYJUHFGGcKUHxvW	13
247	VheflFgaIsOfHLP	10
248	benwuFNqeEibuGl	50
249	teUeBxglyKzjugt	40
250	dwhVSOYaRUaIXhF	8
251	VpbwlCCWZPPgKlx	33
252	bQfHjpkZRhWAGQb	5
253	bPSJyadgtIBdYpj	11
254	kETZbIauNtfEzEz	28
255	WPLyYCCYmNrSEXN	38
256	JkHwDWYJzTjALbK	4
257	eisjAHwMFOVzLSz	34
258	FjDLpZMWtddWBro	25
259	CndcomOPYGguiBI	13
260	QFGDDjluVFgQUGs	50
261	QQrELPTJZSgfBjJ	7
262	avhTmJiDeQYDUhM	16
263	bQfHjpkZRhWAGQb	28
264	avhTmJiDeQYDUhM	7
265	zYJUHFGGcKUHxvW	6
266	ADwCKCLYmTRIbYN	36
267	CndcomOPYGguiBI	20
268	oKymnyTdxvFOpNv	24
269	YQCnIGcKrqqUJQR	6
270	PWvHuDzsQSEqMpn	20
271	zcNxfFwGADaJUPD	46
272	qVnesdDAapWfifD	15
273	hTsbyWsKWdUvMLZ	8
274	zYJUHFGGcKUHxvW	29
275	oKymnyTdxvFOpNv	37
276	benwuFNqeEibuGl	42
277	XcwCuzeqSyYTwnW	44
278	DPDKDBvclVpauCu	45
279	gnvPzGCrpSldxXW	18
280	KGhTLEzHbgldMiH	6
281	HovjYfFSGSaBJup	47
282	llCKWDeWPkvUrrf	2
283	wySfzLSEcWAxQaR	4
284	eisjAHwMFOVzLSz	41
285	TmopldyOwKsoBaO	3
286	iWIOmUgvrUHiGwW	37
287	mQjeclXeGPoRgVR	18
288	FjDLpZMWtddWBro	26
289	qVnesdDAapWfifD	6
290	ZDzRqbkmcLCswVd	31
291	bQfHjpkZRhWAGQb	16
292	lPjvxifqPUYbTmo	28
293	kGjNCKZKlcybAGD	22
294	WrbbMlPgCBwcpsI	42
295	dzSxOgpCQMMRguZ	12
296	VpbwlCCWZPPgKlx	45
297	krAoDTERTuKKlQg	4
298	IuqqsbMTQBqZlBa	36
299	CndcomOPYGguiBI	24
300	KNqeHjdylugLODV	9
301	wySfzLSEcWAxQaR	29
302	VvnYqSpcBuqVNlH	26
303	ADwCKCLYmTRIbYN	13
304	OVZlXOOUBmCTlhS	34
305	VMvaVOfupzrSJIN	29
306	avhTmJiDeQYDUhM	48
307	AgZmGqRjlthQMgs	5
308	BIgkFieZWGyXdDe	31
309	mgdanCDQElquScE	20
310	JnkqeZcCnFIRfXn	19
311	dwhVSOYaRUaIXhF	49
312	NiOUctGocZmfeTX	5
313	fhWVqnXhNpSGLJY	29
314	MQIrUgcCayzgoYC	45
315	PgdacXNWZXSmIZv	43
316	FjDLpZMWtddWBro	9
317	teUeBxglyKzjugt	40
318	tZhBzcRtKSfGFSf	11
319	AgZmGqRjlthQMgs	8
320	OVZlXOOUBmCTlhS	25
321	VpbwlCCWZPPgKlx	34
322	upzVGJCWBuARHps	10
323	oKymnyTdxvFOpNv	15
324	ADwCKCLYmTRIbYN	24
325	ckuCFPmYnzUVBYk	9
326	QQrELPTJZSgfBjJ	23
327	zYJUHFGGcKUHxvW	18
328	BSwVbQPHZovPfNK	44
329	FjDLpZMWtddWBro	10
330	MQIrUgcCayzgoYC	13
331	JnkqeZcCnFIRfXn	11
332	oKymnyTdxvFOpNv	22
333	HovjYfFSGSaBJup	47
334	dwhVSOYaRUaIXhF	5
335	llCKWDeWPkvUrrf	39
336	krAoDTERTuKKlQg	13
337	VjFFeLloySqtPvw	28
338	swWdbJEahdBldGu	31
339	rPFYMBcnIwDCdLd	24
340	dzSxOgpCQMMRguZ	23
341	pTkhTfUTGZkqjmF	14
342	KGhTLEzHbgldMiH	8
343	WuCcuNeFIiOsJuc	39
344	jMYcrJvTENKJafs	46
345	FNkOuGYvgfIZwUy	29
346	VQmXdYtvDdGitUq	9
347	VheflFgaIsOfHLP	49
348	swWdbJEahdBldGu	12
349	jMYcrJvTENKJafs	15
350	eisjAHwMFOVzLSz	24
351	qJZXliZxfSslEtz	31
352	lYfqRvBHtuNkJKt	25
353	smMTIDEnnpaNPaB	15
354	vvRwPRuQmyEUkii	32
355	BSwVbQPHZovPfNK	9
356	jMYcrJvTENKJafs	28
357	GtfInOWaQQuabDo	12
358	iURMPwVWEqQktxE	9
359	scCwvRCvbedMdsM	14
360	BAjOjbNqdRqRQss	12
361	LXezCrFfAQsoJkg	8
362	VpbwlCCWZPPgKlx	27
363	hTsbyWsKWdUvMLZ	38
364	SIukfvUwSnBnkYj	7
365	EeelnRwnXRQccNE	27
366	lPjvxifqPUYbTmo	19
367	lYfqRvBHtuNkJKt	22
368	bQfHjpkZRhWAGQb	4
369	teUeBxglyKzjugt	29
370	OVZlXOOUBmCTlhS	32
371	teUeBxglyKzjugt	15
372	scCwvRCvbedMdsM	12
373	mgdanCDQElquScE	16
374	PgdacXNWZXSmIZv	50
375	XcwCuzeqSyYTwnW	31
376	FjDLpZMWtddWBro	11
377	RZbPSjLrxTnhLfM	19
378	bQfHjpkZRhWAGQb	49
379	smMTIDEnnpaNPaB	1
380	llCKWDeWPkvUrrf	12
381	BIgkFieZWGyXdDe	27
382	iURMPwVWEqQktxE	27
383	aRpxJOvUIVauNhB	26
384	VheflFgaIsOfHLP	7
385	KNqeHjdylugLODV	3
386	kETZbIauNtfEzEz	28
387	bQfHjpkZRhWAGQb	29
388	KGhTLEzHbgldMiH	14
389	ADwCKCLYmTRIbYN	36
390	LXezCrFfAQsoJkg	36
391	krAoDTERTuKKlQg	45
392	ZDzRqbkmcLCswVd	15
393	EeelnRwnXRQccNE	1
394	fhWVqnXhNpSGLJY	22
395	pdQKijyNzWCDsUk	20
396	VjFFeLloySqtPvw	15
397	eisjAHwMFOVzLSz	31
398	uNIcDDJhgShRCsn	1
399	pTkhTfUTGZkqjmF	14
400	jMYcrJvTENKJafs	27
401	QFGDDjluVFgQUGs	28
402	VpbwlCCWZPPgKlx	4
403	iWIOmUgvrUHiGwW	40
404	aRpxJOvUIVauNhB	35
405	swWdbJEahdBldGu	29
406	CndcomOPYGguiBI	43
407	MQIrUgcCayzgoYC	12
408	qVnesdDAapWfifD	25
409	dzSxOgpCQMMRguZ	45
410	jMYcrJvTENKJafs	20
411	bPSJyadgtIBdYpj	13
412	lPjvxifqPUYbTmo	21
413	KNqeHjdylugLODV	41
414	bPSJyadgtIBdYpj	40
415	scCwvRCvbedMdsM	5
416	gGYjCKjOuTmRbqA	4
417	QQrELPTJZSgfBjJ	8
418	shaRMOGcQWMsgbW	11
419	CndcomOPYGguiBI	41
420	LXezCrFfAQsoJkg	44
421	QFGDDjluVFgQUGs	29
422	WmrCAOCqNNMyqTy	35
423	pTkhTfUTGZkqjmF	34
424	ADwCKCLYmTRIbYN	38
425	CndcomOPYGguiBI	39
426	vBAqdTlgarkUyPR	8
427	kcyPCzjywyxpsJW	38
428	QFGDDjluVFgQUGs	3
429	bXNECFOXKatnTQV	17
430	EeelnRwnXRQccNE	19
431	kGjNCKZKlcybAGD	27
432	QFGDDjluVFgQUGs	38
433	EeelnRwnXRQccNE	23
434	eisjAHwMFOVzLSz	34
435	mQjeclXeGPoRgVR	43
436	VvnYqSpcBuqVNlH	33
437	VvnYqSpcBuqVNlH	40
438	TmopldyOwKsoBaO	41
439	tZhBzcRtKSfGFSf	18
440	lYfqRvBHtuNkJKt	3
441	DFjsjcODIrNoWbk	19
442	rPFYMBcnIwDCdLd	48
443	SIukfvUwSnBnkYj	23
444	aRpxJOvUIVauNhB	14
445	benwuFNqeEibuGl	29
446	vvRwPRuQmyEUkii	9
447	FCNsbiuPFcbXhyj	17
448	inMlkhUdLihefcE	26
449	QQrELPTJZSgfBjJ	32
450	WuCcuNeFIiOsJuc	48
451	ObVKsajRIbSiOBk	50
452	pdQKijyNzWCDsUk	20
453	wySfzLSEcWAxQaR	32
454	KGhTLEzHbgldMiH	16
455	ADwCKCLYmTRIbYN	42
456	WrbbMlPgCBwcpsI	19
457	KGhTLEzHbgldMiH	45
458	CndcomOPYGguiBI	22
459	ZDzRqbkmcLCswVd	44
460	FNkOuGYvgfIZwUy	18
461	PgdacXNWZXSmIZv	11
462	zYJUHFGGcKUHxvW	11
463	gGYjCKjOuTmRbqA	27
464	DPDKDBvclVpauCu	27
465	upzVGJCWBuARHps	24
466	VvnYqSpcBuqVNlH	5
467	PWvHuDzsQSEqMpn	20
468	pTkhTfUTGZkqjmF	8
469	kETZbIauNtfEzEz	42
470	EeelnRwnXRQccNE	15
471	dwhVSOYaRUaIXhF	2
472	mgdanCDQElquScE	45
473	pPhKaZsHPwaAMkE	6
474	vvRwPRuQmyEUkii	10
475	VpbwlCCWZPPgKlx	28
476	smMTIDEnnpaNPaB	15
477	krAoDTERTuKKlQg	37
478	gGYjCKjOuTmRbqA	2
479	VQmXdYtvDdGitUq	33
480	VheflFgaIsOfHLP	3
481	BIgkFieZWGyXdDe	25
482	bPSJyadgtIBdYpj	18
483	YQCnIGcKrqqUJQR	43
484	ksvKKVKFNAgRJdg	7
485	smnxxFgdSSMjorH	49
486	FNkOuGYvgfIZwUy	46
487	FjDLpZMWtddWBro	40
488	rPFYMBcnIwDCdLd	18
489	ksvKKVKFNAgRJdg	2
490	teUeBxglyKzjugt	32
491	zcNxfFwGADaJUPD	5
492	QQrELPTJZSgfBjJ	47
493	aRpxJOvUIVauNhB	46
494	iURMPwVWEqQktxE	29
495	fhWVqnXhNpSGLJY	35
496	CndcomOPYGguiBI	2
497	IuqqsbMTQBqZlBa	15
498	QQrELPTJZSgfBjJ	13
499	BSwVbQPHZovPfNK	7
500	wuQqpJhWJotSTao	49
501	bPSJyadgtIBdYpj	44
502	teUeBxglyKzjugt	24
503	KGhTLEzHbgldMiH	7
504	DPDKDBvclVpauCu	9
505	qVnesdDAapWfifD	25
506	ADwCKCLYmTRIbYN	17
507	mQjeclXeGPoRgVR	23
508	lYfqRvBHtuNkJKt	42
509	VheflFgaIsOfHLP	12
510	upzVGJCWBuARHps	50
511	llCKWDeWPkvUrrf	5
512	YQCnIGcKrqqUJQR	19
513	AgZmGqRjlthQMgs	45
514	xMCBEXKsnFrZteq	20
515	VvnYqSpcBuqVNlH	40
516	TmopldyOwKsoBaO	20
517	tZhBzcRtKSfGFSf	1
518	JkHwDWYJzTjALbK	42
519	DFjsjcODIrNoWbk	17
520	AgZmGqRjlthQMgs	14
521	lYfqRvBHtuNkJKt	46
522	KNqeHjdylugLODV	50
523	VvnYqSpcBuqVNlH	2
524	ZDzRqbkmcLCswVd	39
525	CqzJsPvLFpVFRQd	1
526	ksvKKVKFNAgRJdg	22
527	avhTmJiDeQYDUhM	33
528	avhTmJiDeQYDUhM	29
529	dwhVSOYaRUaIXhF	35
530	dwhVSOYaRUaIXhF	30
531	zYJUHFGGcKUHxvW	4
532	hhjYKKdYxrEYKjN	46
533	swWdbJEahdBldGu	27
534	JnkqeZcCnFIRfXn	31
535	YQCnIGcKrqqUJQR	44
536	ksvKKVKFNAgRJdg	38
537	VjFFeLloySqtPvw	26
538	kGjNCKZKlcybAGD	10
539	aRpxJOvUIVauNhB	41
540	krAoDTERTuKKlQg	45
541	SIukfvUwSnBnkYj	15
542	hhjYKKdYxrEYKjN	31
543	AgZmGqRjlthQMgs	24
544	inMlkhUdLihefcE	17
545	CqzJsPvLFpVFRQd	47
546	SIukfvUwSnBnkYj	45
547	mQjeclXeGPoRgVR	44
548	rPFYMBcnIwDCdLd	6
549	BAjOjbNqdRqRQss	36
550	bXNECFOXKatnTQV	38
551	eisjAHwMFOVzLSz	31
552	qVnesdDAapWfifD	20
553	MQIrUgcCayzgoYC	13
554	VMvaVOfupzrSJIN	26
555	QFGDDjluVFgQUGs	5
556	gnvPzGCrpSldxXW	38
557	fhWVqnXhNpSGLJY	27
558	ZDzRqbkmcLCswVd	31
559	BAjOjbNqdRqRQss	16
560	LPZALOuJjqVknii	46
561	WrbbMlPgCBwcpsI	46
562	FUGlvYfdzFtcryz	43
563	benwuFNqeEibuGl	1
564	WPLyYCCYmNrSEXN	47
565	BIgkFieZWGyXdDe	34
566	FNkOuGYvgfIZwUy	29
567	lPjvxifqPUYbTmo	5
568	ksvKKVKFNAgRJdg	29
569	QFGDDjluVFgQUGs	47
570	VjFFeLloySqtPvw	28
571	lPjvxifqPUYbTmo	33
572	QFGDDjluVFgQUGs	41
573	vvRwPRuQmyEUkii	30
574	VvnYqSpcBuqVNlH	46
575	GtfInOWaQQuabDo	43
576	YQCnIGcKrqqUJQR	4
577	FjDLpZMWtddWBro	1
578	DPDKDBvclVpauCu	21
579	VjFFeLloySqtPvw	29
580	eisjAHwMFOVzLSz	25
581	PWvHuDzsQSEqMpn	36
582	VQmXdYtvDdGitUq	28
583	vvRwPRuQmyEUkii	16
584	ZDzRqbkmcLCswVd	21
585	ADwCKCLYmTRIbYN	20
586	GtfInOWaQQuabDo	36
587	smnxxFgdSSMjorH	42
588	XcwCuzeqSyYTwnW	9
589	gGYjCKjOuTmRbqA	1
590	QQrELPTJZSgfBjJ	41
591	VjFFeLloySqtPvw	50
592	mgdanCDQElquScE	48
593	qJZXliZxfSslEtz	33
594	LPZALOuJjqVknii	16
595	vBAqdTlgarkUyPR	8
596	LXezCrFfAQsoJkg	9
597	VpbwlCCWZPPgKlx	9
598	bXNECFOXKatnTQV	20
599	llCKWDeWPkvUrrf	1
600	inMlkhUdLihefcE	3
601	eisjAHwMFOVzLSz	27
602	kcyPCzjywyxpsJW	1
603	DPDKDBvclVpauCu	43
604	upzVGJCWBuARHps	32
605	ADwCKCLYmTRIbYN	21
606	FjDLpZMWtddWBro	40
607	oKymnyTdxvFOpNv	10
608	WPLyYCCYmNrSEXN	40
609	dwhVSOYaRUaIXhF	15
610	lYfqRvBHtuNkJKt	39
611	lPjvxifqPUYbTmo	20
612	DPDKDBvclVpauCu	27
613	ObVKsajRIbSiOBk	50
614	dQPigmFenCMJHEu	48
615	ckuCFPmYnzUVBYk	25
616	XcwCuzeqSyYTwnW	22
617	fhWVqnXhNpSGLJY	12
618	ObVKsajRIbSiOBk	23
619	KGhTLEzHbgldMiH	31
620	GtfInOWaQQuabDo	18
621	VQmXdYtvDdGitUq	20
622	LXezCrFfAQsoJkg	2
623	qVnesdDAapWfifD	10
624	BSwVbQPHZovPfNK	11
625	FNkOuGYvgfIZwUy	10
626	LXezCrFfAQsoJkg	23
627	FNkOuGYvgfIZwUy	2
628	avhTmJiDeQYDUhM	10
629	WmrCAOCqNNMyqTy	6
630	GtfInOWaQQuabDo	17
631	mgdanCDQElquScE	41
632	WrbbMlPgCBwcpsI	11
633	NiOUctGocZmfeTX	31
634	lYfqRvBHtuNkJKt	25
635	pdQKijyNzWCDsUk	34
636	kcyPCzjywyxpsJW	29
637	fhWVqnXhNpSGLJY	46
638	xMCBEXKsnFrZteq	38
639	inMlkhUdLihefcE	33
640	vBAqdTlgarkUyPR	13
641	BAjOjbNqdRqRQss	3
642	VheflFgaIsOfHLP	32
643	GtfInOWaQQuabDo	13
644	scCwvRCvbedMdsM	28
645	VpbwlCCWZPPgKlx	45
646	KGhTLEzHbgldMiH	30
647	VheflFgaIsOfHLP	5
648	lPjvxifqPUYbTmo	8
649	ksvKKVKFNAgRJdg	7
650	CndcomOPYGguiBI	28
651	BAjOjbNqdRqRQss	47
652	hTsbyWsKWdUvMLZ	22
653	VheflFgaIsOfHLP	46
654	JkHwDWYJzTjALbK	3
655	RZbPSjLrxTnhLfM	21
656	FCNsbiuPFcbXhyj	39
657	KGhTLEzHbgldMiH	16
658	ADwCKCLYmTRIbYN	38
659	TmopldyOwKsoBaO	20
660	pTkhTfUTGZkqjmF	21
661	zcNxfFwGADaJUPD	1
662	gGYjCKjOuTmRbqA	45
663	upzVGJCWBuARHps	47
664	FUGlvYfdzFtcryz	49
665	wuQqpJhWJotSTao	36
666	upzVGJCWBuARHps	35
667	vBAqdTlgarkUyPR	30
668	benwuFNqeEibuGl	24
669	VpbwlCCWZPPgKlx	28
670	aRpxJOvUIVauNhB	40
671	PWvHuDzsQSEqMpn	34
672	EeelnRwnXRQccNE	20
673	WrbbMlPgCBwcpsI	44
674	pTkhTfUTGZkqjmF	20
675	shaRMOGcQWMsgbW	32
676	ADwCKCLYmTRIbYN	43
677	mgdanCDQElquScE	28
678	WmrCAOCqNNMyqTy	12
679	teUeBxglyKzjugt	31
680	fhWVqnXhNpSGLJY	40
681	uNIcDDJhgShRCsn	40
682	KGhTLEzHbgldMiH	20
683	rPFYMBcnIwDCdLd	39
684	kETZbIauNtfEzEz	25
685	AgZmGqRjlthQMgs	14
686	DPDKDBvclVpauCu	33
687	CndcomOPYGguiBI	31
688	xMCBEXKsnFrZteq	37
689	AgZmGqRjlthQMgs	46
690	jMYcrJvTENKJafs	33
691	smMTIDEnnpaNPaB	6
692	iWIOmUgvrUHiGwW	7
693	teUeBxglyKzjugt	47
694	ksvKKVKFNAgRJdg	33
695	ckuCFPmYnzUVBYk	49
696	swWdbJEahdBldGu	16
697	kcyPCzjywyxpsJW	1
698	xMCBEXKsnFrZteq	38
699	gGYjCKjOuTmRbqA	22
700	KGhTLEzHbgldMiH	11
701	VMvaVOfupzrSJIN	7
702	hhjYKKdYxrEYKjN	41
703	VheflFgaIsOfHLP	44
704	JkHwDWYJzTjALbK	37
705	BIgkFieZWGyXdDe	4
706	bQfHjpkZRhWAGQb	27
707	FjDLpZMWtddWBro	48
708	scCwvRCvbedMdsM	42
709	teUeBxglyKzjugt	24
710	lPjvxifqPUYbTmo	17
711	AgZmGqRjlthQMgs	28
712	WuCcuNeFIiOsJuc	14
713	LPZALOuJjqVknii	8
714	qVnesdDAapWfifD	27
715	IuqqsbMTQBqZlBa	20
716	inMlkhUdLihefcE	7
717	VQmXdYtvDdGitUq	34
718	zcNxfFwGADaJUPD	16
719	jMYcrJvTENKJafs	42
720	iURMPwVWEqQktxE	33
721	BAjOjbNqdRqRQss	2
722	bXNECFOXKatnTQV	21
723	FCNsbiuPFcbXhyj	45
724	ksvKKVKFNAgRJdg	32
725	lYfqRvBHtuNkJKt	40
726	YQCnIGcKrqqUJQR	26
727	tZhBzcRtKSfGFSf	20
728	dQPigmFenCMJHEu	40
729	lPjvxifqPUYbTmo	1
730	zYJUHFGGcKUHxvW	6
731	iURMPwVWEqQktxE	32
732	aRpxJOvUIVauNhB	35
733	DFjsjcODIrNoWbk	13
734	jMYcrJvTENKJafs	11
735	tZhBzcRtKSfGFSf	4
736	VMvaVOfupzrSJIN	45
737	shaRMOGcQWMsgbW	12
738	benwuFNqeEibuGl	9
739	scCwvRCvbedMdsM	42
740	kGjNCKZKlcybAGD	48
741	smnxxFgdSSMjorH	45
742	xMCBEXKsnFrZteq	4
743	wuQqpJhWJotSTao	20
744	qJZXliZxfSslEtz	5
745	ADwCKCLYmTRIbYN	23
746	WPLyYCCYmNrSEXN	8
747	iURMPwVWEqQktxE	43
748	AgZmGqRjlthQMgs	33
749	JkHwDWYJzTjALbK	6
750	mgdanCDQElquScE	50
751	dQPigmFenCMJHEu	40
752	fhWVqnXhNpSGLJY	3
753	eisjAHwMFOVzLSz	29
754	oKymnyTdxvFOpNv	3
755	lYfqRvBHtuNkJKt	9
756	shaRMOGcQWMsgbW	31
757	uNIcDDJhgShRCsn	40
758	avhTmJiDeQYDUhM	33
759	wySfzLSEcWAxQaR	27
760	fhWVqnXhNpSGLJY	10
761	JkHwDWYJzTjALbK	2
762	DFjsjcODIrNoWbk	20
763	QFGDDjluVFgQUGs	39
764	FUGlvYfdzFtcryz	23
765	WPLyYCCYmNrSEXN	36
766	pdQKijyNzWCDsUk	14
767	VheflFgaIsOfHLP	24
768	scCwvRCvbedMdsM	22
769	WrbbMlPgCBwcpsI	47
770	gnvPzGCrpSldxXW	8
771	ksvKKVKFNAgRJdg	17
772	mgdanCDQElquScE	46
773	BAjOjbNqdRqRQss	44
774	NiOUctGocZmfeTX	21
775	ksvKKVKFNAgRJdg	33
776	qJZXliZxfSslEtz	35
777	VMvaVOfupzrSJIN	2
778	pTkhTfUTGZkqjmF	33
779	zYJUHFGGcKUHxvW	8
780	bXNECFOXKatnTQV	16
781	EeelnRwnXRQccNE	24
782	KNqeHjdylugLODV	29
783	iWIOmUgvrUHiGwW	4
784	ObVKsajRIbSiOBk	41
785	smMTIDEnnpaNPaB	22
786	VjFFeLloySqtPvw	30
787	gnvPzGCrpSldxXW	48
788	gnvPzGCrpSldxXW	11
789	ObVKsajRIbSiOBk	8
790	mgdanCDQElquScE	38
791	ObVKsajRIbSiOBk	25
792	WmrCAOCqNNMyqTy	12
793	pTkhTfUTGZkqjmF	37
794	LXezCrFfAQsoJkg	1
795	WrbbMlPgCBwcpsI	44
796	VheflFgaIsOfHLP	40
797	dwhVSOYaRUaIXhF	11
798	lYfqRvBHtuNkJKt	3
799	kGjNCKZKlcybAGD	45
800	KNqeHjdylugLODV	35
801	PWvHuDzsQSEqMpn	39
802	iURMPwVWEqQktxE	48
803	ObVKsajRIbSiOBk	23
804	kGjNCKZKlcybAGD	6
805	VvnYqSpcBuqVNlH	40
806	hhjYKKdYxrEYKjN	50
807	zYJUHFGGcKUHxvW	24
808	bPSJyadgtIBdYpj	32
809	OVZlXOOUBmCTlhS	24
810	ckuCFPmYnzUVBYk	9
811	CqzJsPvLFpVFRQd	3
812	benwuFNqeEibuGl	21
813	oKymnyTdxvFOpNv	49
814	qJZXliZxfSslEtz	25
815	FUGlvYfdzFtcryz	7
816	CndcomOPYGguiBI	48
817	inMlkhUdLihefcE	39
818	jMYcrJvTENKJafs	41
819	TmopldyOwKsoBaO	27
820	mgdanCDQElquScE	17
821	benwuFNqeEibuGl	36
822	hTsbyWsKWdUvMLZ	20
823	MQIrUgcCayzgoYC	11
824	XcwCuzeqSyYTwnW	16
825	kGjNCKZKlcybAGD	21
826	JkHwDWYJzTjALbK	17
827	LPZALOuJjqVknii	45
828	YQCnIGcKrqqUJQR	8
829	bQfHjpkZRhWAGQb	42
830	DPDKDBvclVpauCu	45
831	aRpxJOvUIVauNhB	7
832	dQPigmFenCMJHEu	22
833	VpbwlCCWZPPgKlx	50
834	NiOUctGocZmfeTX	50
835	lPjvxifqPUYbTmo	1
836	dQPigmFenCMJHEu	46
837	hhjYKKdYxrEYKjN	27
838	JkHwDWYJzTjALbK	14
839	EeelnRwnXRQccNE	25
840	uNIcDDJhgShRCsn	16
841	WmrCAOCqNNMyqTy	8
842	ObVKsajRIbSiOBk	5
843	DFjsjcODIrNoWbk	17
844	smMTIDEnnpaNPaB	30
845	HovjYfFSGSaBJup	29
846	WPLyYCCYmNrSEXN	42
847	dwhVSOYaRUaIXhF	4
848	VMvaVOfupzrSJIN	3
849	FNkOuGYvgfIZwUy	18
850	VpbwlCCWZPPgKlx	15
851	PWvHuDzsQSEqMpn	44
852	TmopldyOwKsoBaO	14
853	iURMPwVWEqQktxE	8
854	mgdanCDQElquScE	11
855	bQfHjpkZRhWAGQb	36
856	hhjYKKdYxrEYKjN	27
857	pTkhTfUTGZkqjmF	32
858	SIukfvUwSnBnkYj	24
859	QFGDDjluVFgQUGs	33
860	iURMPwVWEqQktxE	28
861	benwuFNqeEibuGl	7
862	aRpxJOvUIVauNhB	33
863	VpbwlCCWZPPgKlx	22
864	VjFFeLloySqtPvw	21
865	ksvKKVKFNAgRJdg	38
866	FNkOuGYvgfIZwUy	7
867	ckuCFPmYnzUVBYk	49
868	bQfHjpkZRhWAGQb	7
869	teUeBxglyKzjugt	12
870	iWIOmUgvrUHiGwW	48
871	VpbwlCCWZPPgKlx	44
872	scCwvRCvbedMdsM	16
873	DPDKDBvclVpauCu	50
874	VMvaVOfupzrSJIN	11
875	gGYjCKjOuTmRbqA	33
876	bPSJyadgtIBdYpj	24
877	AgZmGqRjlthQMgs	23
878	kETZbIauNtfEzEz	41
879	inMlkhUdLihefcE	40
880	YQCnIGcKrqqUJQR	38
881	gGYjCKjOuTmRbqA	43
882	lYfqRvBHtuNkJKt	9
883	iURMPwVWEqQktxE	8
884	QFGDDjluVFgQUGs	7
885	pTkhTfUTGZkqjmF	7
886	teUeBxglyKzjugt	4
887	QQrELPTJZSgfBjJ	33
888	teUeBxglyKzjugt	26
889	AgZmGqRjlthQMgs	7
890	FUGlvYfdzFtcryz	7
891	NiOUctGocZmfeTX	32
892	dwhVSOYaRUaIXhF	34
893	shaRMOGcQWMsgbW	43
894	shaRMOGcQWMsgbW	33
895	PWvHuDzsQSEqMpn	47
896	hhjYKKdYxrEYKjN	43
897	ADwCKCLYmTRIbYN	15
898	tZhBzcRtKSfGFSf	25
899	wuQqpJhWJotSTao	2
900	ADwCKCLYmTRIbYN	40
901	aRpxJOvUIVauNhB	5
902	ckuCFPmYnzUVBYk	8
903	lPjvxifqPUYbTmo	50
904	ADwCKCLYmTRIbYN	24
905	NiOUctGocZmfeTX	10
906	QQrELPTJZSgfBjJ	30
907	dQPigmFenCMJHEu	35
908	VMvaVOfupzrSJIN	18
909	VQmXdYtvDdGitUq	33
910	JkHwDWYJzTjALbK	10
911	zcNxfFwGADaJUPD	18
912	rPFYMBcnIwDCdLd	37
913	TmopldyOwKsoBaO	36
914	upzVGJCWBuARHps	4
915	ADwCKCLYmTRIbYN	17
916	AgZmGqRjlthQMgs	46
917	smnxxFgdSSMjorH	11
918	ObVKsajRIbSiOBk	47
919	pPhKaZsHPwaAMkE	30
920	aRpxJOvUIVauNhB	39
921	upzVGJCWBuARHps	23
922	RZbPSjLrxTnhLfM	18
923	avhTmJiDeQYDUhM	44
924	benwuFNqeEibuGl	4
925	GtfInOWaQQuabDo	15
926	AgZmGqRjlthQMgs	44
927	hhjYKKdYxrEYKjN	22
928	qVnesdDAapWfifD	11
929	NiOUctGocZmfeTX	32
930	BIgkFieZWGyXdDe	39
931	qJZXliZxfSslEtz	45
932	AgZmGqRjlthQMgs	48
933	dQPigmFenCMJHEu	16
934	gnvPzGCrpSldxXW	33
935	pdQKijyNzWCDsUk	34
936	krAoDTERTuKKlQg	10
937	vBAqdTlgarkUyPR	30
938	bQfHjpkZRhWAGQb	30
939	llCKWDeWPkvUrrf	49
940	ckuCFPmYnzUVBYk	22
941	lPjvxifqPUYbTmo	37
942	pPhKaZsHPwaAMkE	37
943	LXezCrFfAQsoJkg	1
944	fhWVqnXhNpSGLJY	21
945	hhjYKKdYxrEYKjN	19
946	LXezCrFfAQsoJkg	39
947	hTsbyWsKWdUvMLZ	4
948	mQjeclXeGPoRgVR	36
949	LPZALOuJjqVknii	23
950	eisjAHwMFOVzLSz	22
951	LXezCrFfAQsoJkg	38
952	DFjsjcODIrNoWbk	49
953	CqzJsPvLFpVFRQd	27
954	hTsbyWsKWdUvMLZ	49
955	FCNsbiuPFcbXhyj	14
956	FjDLpZMWtddWBro	17
957	qJZXliZxfSslEtz	39
958	bPSJyadgtIBdYpj	8
959	JnkqeZcCnFIRfXn	39
960	kETZbIauNtfEzEz	34
961	TmopldyOwKsoBaO	34
962	gnvPzGCrpSldxXW	47
963	GtfInOWaQQuabDo	22
964	JnkqeZcCnFIRfXn	31
965	scCwvRCvbedMdsM	49
966	MQIrUgcCayzgoYC	18
967	zcNxfFwGADaJUPD	32
968	OVZlXOOUBmCTlhS	22
969	gnvPzGCrpSldxXW	21
970	YQCnIGcKrqqUJQR	34
971	kGjNCKZKlcybAGD	8
972	dQPigmFenCMJHEu	41
973	xMCBEXKsnFrZteq	34
974	mQjeclXeGPoRgVR	12
975	WmrCAOCqNNMyqTy	14
976	BSwVbQPHZovPfNK	50
977	VvnYqSpcBuqVNlH	7
978	kcyPCzjywyxpsJW	32
979	PgdacXNWZXSmIZv	45
980	FjDLpZMWtddWBro	41
981	qJZXliZxfSslEtz	32
982	teUeBxglyKzjugt	5
983	swWdbJEahdBldGu	46
984	kGjNCKZKlcybAGD	22
985	ZDzRqbkmcLCswVd	49
986	iURMPwVWEqQktxE	47
987	wySfzLSEcWAxQaR	33
988	wySfzLSEcWAxQaR	39
989	qVnesdDAapWfifD	28
990	BAjOjbNqdRqRQss	42
991	hhjYKKdYxrEYKjN	40
992	WPLyYCCYmNrSEXN	29
993	WrbbMlPgCBwcpsI	32
994	mgdanCDQElquScE	13
995	BIgkFieZWGyXdDe	16
996	LPZALOuJjqVknii	26
997	bXNECFOXKatnTQV	44
998	pTkhTfUTGZkqjmF	38
999	tZhBzcRtKSfGFSf	13
1000	VpbwlCCWZPPgKlx	26
