id,check_id,reviewer_name,p2p_status,check_time
1,1,butterbs,Started,07:00:00
2,1,butterbs,Success,07:11:00
3,2,joramuns,Started,14:01:00
4,2,joramuns,Success,14:28:00
5,3,joramuns,Started,18:00:00
6,3,joramuns,Failure,18:14:00
7,4,kokoschk,Started,12:17:00
8,4,kokoschk,Success,12:49:00
9,5,jeanicet,Started,13:02:00
10,5,jeanicet,Success,13:13:00
11,6,kokoschk,Started,09:00:00
12,6,kokoschk,Success,09:29:00
13,7,tangleto,Started,15:45:00
14,7,tangleto,Success,15:58:00
15,8,jeanicet,Started,17:08:00
16,8,jeanicet,Success,17:38:00
17,9,butterbs,Started,14:31:00
18,9,butterbs,Success,14:53:00
19,10,butterbs,Started,17:12:00
20,10,butterbs,Success,17:39:00
21,11,tangleto,Started,21:17:00
22,11,tangleto,Success,21:29:00
23,12,kokoschk,Started,20:17:00
24,12,kokoschk,Success,20:34:00
25,13,kokoschk,Started,11:02:00
26,13,kokoschk,Success,11:13:00
27,14,joramuns,Started,18:12:00
28,14,joramuns,Success,18:32:00
29,15,butterbs,Started,15:00:00
30,15,butterbs,Success,15:21:00
31,16,jeanicet,Started,07:00:00
32,16,jeanicet,Success,07:11:00
33,17,tangleto,Started,16:17:00
34,17,tangleto,Success,16:49:00
35,18,kokoschk,Started,13:15:00
36,18,kokoschk,Success,13:48:00
37,19,butterbs,Started,10:15:00
38,19,butterbs,Success,10:36:00
39,20,kokoschk,Started,18:00:00
40,20,kokoschk,Failure,18:14:00
41,21,joramuns,Started,13:02:00
42,21,joramuns,Success,13:13:00
43,22,tangleto,Started,12:47:00
44,22,tangleto,Success,13:16:00
45,23,jeanicet,Started,15:42:00
46,23,jeanicet,Success,16:22:00
47,24,kokoschk,Started,18:21:00
48,24,kokoschk,Success,19:11:00
49,25,butterbs,Started,09:17:00
50,25,butterbs,Success,10:09:00
51,26,tangleto,Started,22:08:00
52,26,tangleto,Success,23:03:00
53,27,jeanicet,Started,07:09:32
54,27,jeanicet,Success,07:49:02
55,3,santobab,Started,09:09:09
56,9,santobab,Started,09:09:09
57,22,santobab,Started,09:09:09
58,28,jeanicet,Started,07:09:32
59,27,jeanicet,Success,07:49:02
60,29,jeanicet,Started,18:00:00
